listing_id,transaction_type,locality,bhk,property_type,price_inr,listing_agent,mirror_page,city,state,source,source_url,retrieved_at,contact_type,contact_permission_status,listing_status,data_quality_note
MIRROR-NGP-001,sale,Wardha Road,,Residential Plots,18150000000,Nikhilkumar Bisen,1,Nagpur,Maharashtra,Mirror Real Estate,https://www.mirrorrealestate.com/homes/search?city=Nagpur,2026-09-27,agent,agent_name_only; phone/email not collected,reported_active_on_source,Raw source snapshot; validate price/area before presenting as verified market value.
MIRROR-NGP-002,sale,Mohgaon,,Residential Plots,2250214,Ozen Realtors & Developers,1,Nagpur,Maharashtra,Mirror Real Estate,https://www.mirrorrealestate.com/homes/search?city=Nagpur,2026-09-27,agent,agent_name_only; phone/email not collected,reported_active_on_source,Raw source snapshot; validate price/area before presenting as verified market value.
MIRROR-NGP-003,sale,Fetri,,Residential Plots,1650165,Mahalaxmi Infra,1,Nagpur,Maharashtra,Mirror Real Estate,https://www.mirrorrealestate.com/homes/search?city=Nagpur,2026-09-27,agent,agent_name_only; phone/email not collected,reported_active_on_source,Raw source snapshot; validate price/area before presenting as verified market value.
MIRROR-NGP-004,sale,Dongargaon,,Residential Plots,3151197,Bhumesh Realators,1,Nagpur,Maharashtra,Mirror Real Estate,https://www.mirrorrealestate.com/homes/search?city=Nagpur,2026-09-27,agent,agent_name_only; phone/email not collected,reported_active_on_source,Raw source snapshot; validate price/area before presenting as verified market value.
MIRROR-NGP-005,sale,Chhatrapati Square,3.0,Flats,1,11 Square Feet,1,Nagpur,Maharashtra,Mirror Real Estate,https://www.mirrorrealestate.com/homes/search?city=Nagpur,2026-09-27,agent,agent_name_only; phone/email not collected,reported_active_on_source,Raw source snapshot; validate price/area before presenting as verified market value.
MIRROR-NGP-006,sale,Kothewada,,Residential Plots,98350000000,MAULI INFRA NAGPUR,1,Nagpur,Maharashtra,Mirror Real Estate,https://www.mirrorrealestate.com/homes/search?city=Nagpur,2026-09-27,agent,agent_name_only; phone/email not collected,reported_active_on_source,Raw source snapshot; validate price/area before presenting as verified market value.
MIRROR-NGP-007,rent,MIDC Hingna,,Warehouse,220000,AREA [ Agrawwal Real Estate Advisory],1,Nagpur,Maharashtra,Mirror Real Estate,https://www.mirrorrealestate.com/homes/search?city=Nagpur,2026-09-27,agent,agent_name_only; phone/email not collected,reported_active_on_source,Raw source snapshot; validate price/area before presenting as verified market value.
MIRROR-NGP-008,sale,Godhani,,Residential Plots,50309800000,Rajeev ranjan,1,Nagpur,Maharashtra,Mirror Real Estate,https://www.mirrorrealestate.com/homes/search?city=Nagpur,2026-09-27,agent,agent_name_only; phone/email not collected,reported_active_on_source,Raw source snapshot; validate price/area before presenting as verified market value.
MIRROR-NGP-009,sale,Besa Pipla Road,3.0,Flats,8835536,Anand Real Estate,1,Nagpur,Maharashtra,Mirror Real Estate,https://www.mirrorrealestate.com/homes/search?city=Nagpur,2026-09-27,agent,agent_name_only; phone/email not collected,reported_active_on_source,Raw source snapshot; validate price/area before presenting as verified market value.
MIRROR-NGP-010,sale,Hingna,,Residential Plots,3101240,Evertrust Properties,1,Nagpur,Maharashtra,Mirror Real Estate,https://www.mirrorrealestate.com/homes/search?city=Nagpur,2026-09-27,agent,agent_name_only; phone/email not collected,reported_active_on_source,Raw source snapshot; validate price/area before presenting as verified market value.
MIRROR-NGP-011,sale,Banwadi,,Agricultural Land,1,Oxygreen agrotech pvt Ltd,1,Nagpur,Maharashtra,Mirror Real Estate,https://www.mirrorrealestate.com/homes/search?city=Nagpur,2026-09-27,agent,agent_name_only; phone/email not collected,reported_active_on_source,Raw source snapshot; validate price/area before presenting as verified market value.
MIRROR-NGP-012,sale,Dabha,,Residential Plots,5351357,Bhumesh Realators,1,Nagpur,Maharashtra,Mirror Real Estate,https://www.mirrorrealestate.com/homes/search?city=Nagpur,2026-09-27,agent,agent_name_only; phone/email not collected,reported_active_on_source,Raw source snapshot; validate price/area before presenting as verified market value.
MIRROR-NGP-013,rent,Kalamna,,Warehouse,95000,Ved Agrawal,1,Nagpur,Maharashtra,Mirror Real Estate,https://www.mirrorrealestate.com/homes/search?city=Nagpur,2026-09-27,agent,agent_name_only; phone/email not collected,reported_active_on_source,Raw source snapshot; validate price/area before presenting as verified market value.
MIRROR-NGP-014,rent,Ganesh Peth,,Commercial Shops,40000,Yash pise,1,Nagpur,Maharashtra,Mirror Real Estate,https://www.mirrorrealestate.com/homes/search?city=Nagpur,2026-09-27,agent,agent_name_only; phone/email not collected,reported_active_on_source,Raw source snapshot; validate price/area before presenting as verified market value.
MIRROR-NGP-015,rent,Katol,,Commercial Shops,15000,Amol,1,Nagpur,Maharashtra,Mirror Real Estate,https://www.mirrorrealestate.com/homes/search?city=Nagpur,2026-09-27,agent,agent_name_only; phone/email not collected,reported_active_on_source,Raw source snapshot; validate price/area before presenting as verified market value.
MIRROR-NGP-016,rent,Besa,,Commercial Shops,40000,Deepika,1,Nagpur,Maharashtra,Mirror Real Estate,https://www.mirrorrealestate.com/homes/search?city=Nagpur,2026-09-27,agent,agent_name_only; phone/email not collected,reported_active_on_source,Raw source snapshot; validate price/area before presenting as verified market value.
MIRROR-NGP-017,sale,Mouda,,Agricultural Land,130000,Namaskar Property Dealer,1,Nagpur,Maharashtra,Mirror Real Estate,https://www.mirrorrealestate.com/homes/search?city=Nagpur,2026-09-27,agent,agent_name_only; phone/email not collected,reported_active_on_source,Raw source snapshot; validate price/area before presenting as verified market value.
MIRROR-NGP-018,sale,Pipla,2.0,Flats,2941289,11 Square Feet,1,Nagpur,Maharashtra,Mirror Real Estate,https://www.mirrorrealestate.com/homes/search?city=Nagpur,2026-09-27,agent,agent_name_only; phone/email not collected,reported_active_on_source,Raw source snapshot; validate price/area before presenting as verified market value.
MIRROR-NGP-019,sale,Ramtek,,Agricultural Land,505000000,Roshan Rahate,1,Nagpur,Maharashtra,Mirror Real Estate,https://www.mirrorrealestate.com/homes/search?city=Nagpur,2026-09-27,agent,agent_name_only; phone/email not collected,reported_active_on_source,Raw source snapshot; validate price/area before presenting as verified market value.
MIRROR-NGP-020,sale,Tarodi,,Residential Plots,2557233,Mahalaxmi Infra,1,Nagpur,Maharashtra,Mirror Real Estate,https://www.mirrorrealestate.com/homes/search?city=Nagpur,2026-09-27,agent,agent_name_only; phone/email not collected,reported_active_on_source,Raw source snapshot; validate price/area before presenting as verified market value.
MIRROR-NGP-021,sale,Butibori,,Residential Plots,2970270,P M REALTORS,1,Nagpur,Maharashtra,Mirror Real Estate,https://www.mirrorrealestate.com/homes/search?city=Nagpur,2026-09-27,agent,agent_name_only; phone/email not collected,reported_active_on_source,Raw source snapshot; validate price/area before presenting as verified market value.
MIRROR-NGP-022,sale,Lava,,Residential Plots,28233300000,P M REALTORS,1,Nagpur,Maharashtra,Mirror Real Estate,https://www.mirrorrealestate.com/homes/search?city=Nagpur,2026-09-27,agent,agent_name_only; phone/email not collected,reported_active_on_source,Raw source snapshot; validate price/area before presenting as verified market value.
MIRROR-NGP-023,sale,Katol Road,,Commercial Land,2,Bhumesh Realators,1,Nagpur,Maharashtra,Mirror Real Estate,https://www.mirrorrealestate.com/homes/search?city=Nagpur,2026-09-27,agent,agent_name_only; phone/email not collected,reported_active_on_source,Raw source snapshot; validate price/area before presenting as verified market value.
MIRROR-NGP-024,sale,Narkhed,,Agricultural Land,2550000,MBA Property Consultant,1,Nagpur,Maharashtra,Mirror Real Estate,https://www.mirrorrealestate.com/homes/search?city=Nagpur,2026-09-27,agent,agent_name_only; phone/email not collected,reported_active_on_source,Raw source snapshot; validate price/area before presenting as verified market value.
MIRROR-NGP-025,sale,Kamthi Road,4.0,House,90529400000,Anand Real Estate,1,Nagpur,Maharashtra,Mirror Real Estate,https://www.mirrorrealestate.com/homes/search?city=Nagpur,2026-09-27,agent,agent_name_only; phone/email not collected,reported_active_on_source,Raw source snapshot; validate price/area before presenting as verified market value.
MIRROR-NGP-026,sale,It Park,2.0,Flats,54439700000,Krutanjali Builders,1,Nagpur,Maharashtra,Mirror Real Estate,https://www.mirrorrealestate.com/homes/search?city=Nagpur,2026-09-27,agent,agent_name_only; phone/email not collected,reported_active_on_source,Raw source snapshot; validate price/area before presenting as verified market value.
MIRROR-NGP-027,sale,Manewada,2.0,Flats,60500000000,MBA Property Consultant,1,Nagpur,Maharashtra,Mirror Real Estate,https://www.mirrorrealestate.com/homes/search?city=Nagpur,2026-09-27,agent,agent_name_only; phone/email not collected,reported_active_on_source,Raw source snapshot; validate price/area before presenting as verified market value.
MIRROR-NGP-028,sale,Bharat Nagar,3.0,Flats,1,Nitin Umap - Certified Realtor,1,Nagpur,Maharashtra,Mirror Real Estate,https://www.mirrorrealestate.com/homes/search?city=Nagpur,2026-09-27,agent,agent_name_only; phone/email not collected,reported_active_on_source,Raw source snapshot; validate price/area before presenting as verified market value.
MIRROR-NGP-029,sale,Khapri,,Agricultural Land,170000,Maheshwari Real Estate,1,Nagpur,Maharashtra,Mirror Real Estate,https://www.mirrorrealestate.com/homes/search?city=Nagpur,2026-09-27,agent,agent_name_only; phone/email not collected,reported_active_on_source,Raw source snapshot; validate price/area before presenting as verified market value.
MIRROR-NGP-030,sale,Parseoni,,Agricultural Land,280000,Namaskar Property Dealer,1,Nagpur,Maharashtra,Mirror Real Estate,https://www.mirrorrealestate.com/homes/search?city=Nagpur,2026-09-27,agent,agent_name_only; phone/email not collected,reported_active_on_source,Raw source snapshot; validate price/area before presenting as verified market value.
MIRROR-NGP-031,sale,Dhamna,,Residential Plots,21210000000,Mahalaxmi Infra,2,Nagpur,Maharashtra,Mirror Real Estate,https://www.mirrorrealestate.com/homes/search?city=Nagpur,2026-09-27,agent,agent_name_only; phone/email not collected,reported_active_on_source,Raw source snapshot; validate price/area before presenting as verified market value.
MIRROR-NGP-032,sale,Wela Harichandra,,Commercial Land,3,Prime Properties,2,Nagpur,Maharashtra,Mirror Real Estate,https://www.mirrorrealestate.com/homes/search?city=Nagpur,2026-09-27,agent,agent_name_only; phone/email not collected,reported_active_on_source,Raw source snapshot; validate price/area before presenting as verified market value.
MIRROR-NGP-033,sale,Gumgaon,,Residential Plots,2199196,Bhumesh Realators,2,Nagpur,Maharashtra,Mirror Real Estate,https://www.mirrorrealestate.com/homes/search?city=Nagpur,2026-09-27,agent,agent_name_only; phone/email not collected,reported_active_on_source,Raw source snapshot; validate price/area before presenting as verified market value.
MIRROR-NGP-034,sale,Gorewada,,Residential Plots,6,Anand Real Estate,2,Nagpur,Maharashtra,Mirror Real Estate,https://www.mirrorrealestate.com/homes/search?city=Nagpur,2026-09-27,agent,agent_name_only; phone/email not collected,reported_active_on_source,Raw source snapshot; validate price/area before presenting as verified market value.
MIRROR-NGP-035,sale,Bajaj Nagar,3.0,Builder Floors,1,Rainbow energy system,2,Nagpur,Maharashtra,Mirror Real Estate,https://www.mirrorrealestate.com/homes/search?city=Nagpur,2026-09-27,agent,agent_name_only; phone/email not collected,reported_active_on_source,Raw source snapshot; validate price/area before presenting as verified market value.
MIRROR-NGP-036,sale,Bothli,,Residential Plots,2565135,RUDRA PROPERTIES NAGPUR,2,Nagpur,Maharashtra,Mirror Real Estate,https://www.mirrorrealestate.com/homes/search?city=Nagpur,2026-09-27,agent,agent_name_only; phone/email not collected,reported_active_on_source,Raw source snapshot; validate price/area before presenting as verified market value.
MIRROR-NGP-037,sale,Koradi Road,,Residential Plots,3211238,Mahalaxmi Group,2,Nagpur,Maharashtra,Mirror Real Estate,https://www.mirrorrealestate.com/homes/search?city=Nagpur,2026-09-27,agent,agent_name_only; phone/email not collected,reported_active_on_source,Raw source snapshot; validate price/area before presenting as verified market value.
MIRROR-NGP-038,sale,Rama Dam,,Farm House,3842200000,Oxygreen Farm,2,Nagpur,Maharashtra,Mirror Real Estate,https://www.mirrorrealestate.com/homes/search?city=Nagpur,2026-09-27,agent,agent_name_only; phone/email not collected,reported_active_on_source,Raw source snapshot; validate price/area before presenting as verified market value.
MIRROR-NGP-039,sale,Nandanvan,1.0,Flats,45414000000,MBA Property Consultant,2,Nagpur,Maharashtra,Mirror Real Estate,https://www.mirrorrealestate.com/homes/search?city=Nagpur,2026-09-27,agent,agent_name_only; phone/email not collected,reported_active_on_source,Raw source snapshot; validate price/area before presenting as verified market value.
MIRROR-NGP-040,sale,Gotal Panjari,,Residential Plots,32320000000,Sai Consultant,2,Nagpur,Maharashtra,Mirror Real Estate,https://www.mirrorrealestate.com/homes/search?city=Nagpur,2026-09-27,agent,agent_name_only; phone/email not collected,reported_active_on_source,Raw source snapshot; validate price/area before presenting as verified market value.
MIRROR-NGP-041,sale,Kondhali,,Farm House,660550,Vakratund Real Estate,2,Nagpur,Maharashtra,Mirror Real Estate,https://www.mirrorrealestate.com/homes/search?city=Nagpur,2026-09-27,agent,agent_name_only; phone/email not collected,reported_active_on_source,Raw source snapshot; validate price/area before presenting as verified market value.
MIRROR-NGP-042,sale,New Manish Nagar,3.0,Flats,6575450,Anand Real Estate,2,Nagpur,Maharashtra,Mirror Real Estate,https://www.mirrorrealestate.com/homes/search?city=Nagpur,2026-09-27,agent,agent_name_only; phone/email not collected,reported_active_on_source,Raw source snapshot; validate price/area before presenting as verified market value.
MIRROR-NGP-043,sale,Mihan,,Agricultural Land,9,MBA Property Consultant,2,Nagpur,Maharashtra,Mirror Real Estate,https://www.mirrorrealestate.com/homes/search?city=Nagpur,2026-09-27,agent,agent_name_only; phone/email not collected,reported_active_on_source,Raw source snapshot; validate price/area before presenting as verified market value.
MIRROR-NGP-044,sale,Wanadongri, Hingna,,Residential Plots,1980165,Prosperity Associate,2,Nagpur,Maharashtra,Mirror Real Estate,https://www.mirrorrealestate.com/homes/search?city=Nagpur,2026-09-27,agent,agent_name_only; phone/email not collected,reported_active_on_source,Raw source snapshot; validate price/area before presenting as verified market value.
MIRROR-NGP-045,sale,Jamtha,,Commercial Land,3,Shreemaan Estets,2,Nagpur,Maharashtra,Mirror Real Estate,https://www.mirrorrealestate.com/homes/search?city=Nagpur,2026-09-27,agent,agent_name_only; phone/email not collected,reported_active_on_source,Raw source snapshot; validate price/area before presenting as verified market value.
MIRROR-NGP-046,sale,Beltarodi,3.0,Flats,61391000000,11 Square Feet,2,Nagpur,Maharashtra,Mirror Real Estate,https://www.mirrorrealestate.com/homes/search?city=Nagpur,2026-09-27,agent,agent_name_only; phone/email not collected,reported_active_on_source,Raw source snapshot; validate price/area before presenting as verified market value.
MIRROR-NGP-047,rent,Sadar,,Office Space,60000,AREA [ Agrawwal Real Estate Advisory],2,Nagpur,Maharashtra,Mirror Real Estate,https://www.mirrorrealestate.com/homes/search?city=Nagpur,2026-09-27,agent,agent_name_only; phone/email not collected,reported_active_on_source,Raw source snapshot; validate price/area before presenting as verified market value.
MIRROR-NGP-048,sale,Veda,,Residential Plots,3250271,Ozen Realtors & Developers,2,Nagpur,Maharashtra,Mirror Real Estate,https://www.mirrorrealestate.com/homes/search?city=Nagpur,2026-09-27,agent,agent_name_only; phone/email not collected,reported_active_on_source,Raw source snapshot; validate price/area before presenting as verified market value.
MIRROR-NGP-049,sale,Isasani,,Residential Plots,2411200,Swastik Group,2,Nagpur,Maharashtra,Mirror Real Estate,https://www.mirrorrealestate.com/homes/search?city=Nagpur,2026-09-27,agent,agent_name_only; phone/email not collected,reported_active_on_source,Raw source snapshot; validate price/area before presenting as verified market value.
MIRROR-NGP-050,sale,Malegaon,,Agricultural Land,224000,Maheshwari Real Estate,2,Nagpur,Maharashtra,Mirror Real Estate,https://www.mirrorrealestate.com/homes/search?city=Nagpur,2026-09-27,agent,agent_name_only; phone/email not collected,reported_active_on_source,Raw source snapshot; validate price/area before presenting as verified market value.
MIRROR-NGP-051,rent,Sita Buldi,,Commercial Shops,80000,Shreyash Chandak,2,Nagpur,Maharashtra,Mirror Real Estate,https://www.mirrorrealestate.com/homes/search?city=Nagpur,2026-09-27,agent,agent_name_only; phone/email not collected,reported_active_on_source,Raw source snapshot; validate price/area before presenting as verified market value.
MIRROR-NGP-052,rent,Wardhaman Nagar,,Office Space,60000,Shahshank Daga,2,Nagpur,Maharashtra,Mirror Real Estate,https://www.mirrorrealestate.com/homes/search?city=Nagpur,2026-09-27,agent,agent_name_only; phone/email not collected,reported_active_on_source,Raw source snapshot; validate price/area before presenting as verified market value.
MIRROR-NGP-053,rent,Shivaji Nagar,,Office Space,50000,AREA [ Agrawwal Real Estate Advisory],2,Nagpur,Maharashtra,Mirror Real Estate,https://www.mirrorrealestate.com/homes/search?city=Nagpur,2026-09-27,agent,agent_name_only; phone/email not collected,reported_active_on_source,Raw source snapshot; validate price/area before presenting as verified market value.
MIRROR-NGP-054,sale,Shankarpur,,Residential Plots,4659385,Shreemaan Estets,2,Nagpur,Maharashtra,Mirror Real Estate,https://www.mirrorrealestate.com/homes/search?city=Nagpur,2026-09-27,agent,agent_name_only; phone/email not collected,reported_active_on_source,Raw source snapshot; validate price/area before presenting as verified market value.
MIRROR-NGP-055,sale,Umred,,Agricultural Land,35011000,Zone Realties Nagpur,2,Nagpur,Maharashtra,Mirror Real Estate,https://www.mirrorrealestate.com/homes/search?city=Nagpur,2026-09-27,agent,agent_name_only; phone/email not collected,reported_active_on_source,Raw source snapshot; validate price/area before presenting as verified market value.
MIRROR-NGP-056,sale,Hingna Road,,Residential Plots,2760230,Kimy Property,2,Nagpur,Maharashtra,Mirror Real Estate,https://www.mirrorrealestate.com/homes/search?city=Nagpur,2026-09-27,agent,agent_name_only; phone/email not collected,reported_active_on_source,Raw source snapshot; validate price/area before presenting as verified market value.
MIRROR-NGP-057,sale,Peotha,,Residential Plots,3647150,PRIME PROPERTIES,2,Nagpur,Maharashtra,Mirror Real Estate,https://www.mirrorrealestate.com/homes/search?city=Nagpur,2026-09-27,agent,agent_name_only; phone/email not collected,reported_active_on_source,Raw source snapshot; validate price/area before presenting as verified market value.
MIRROR-NGP-058,sale,Saoner,,Factory,3,MBA Property Consultant,2,Nagpur,Maharashtra,Mirror Real Estate,https://www.mirrorrealestate.com/homes/search?city=Nagpur,2026-09-27,agent,agent_name_only; phone/email not collected,reported_active_on_source,Raw source snapshot; validate price/area before presenting as verified market value.
MIRROR-NGP-059,sale,Manish Nagar,3.0,Flats,72450000000,Nitin Umap Property,2,Nagpur,Maharashtra,Mirror Real Estate,https://www.mirrorrealestate.com/homes/search?city=Nagpur,2026-09-27,agent,agent_name_only; phone/email not collected,reported_active_on_source,Raw source snapshot; validate price/area before presenting as verified market value.
MIRROR-NGP-060,sale,Samruddhi Nagpur,,Residential Plots,3509290,Mahalaxmi Infra,2,Nagpur,Maharashtra,Mirror Real Estate,https://www.mirrorrealestate.com/homes/search?city=Nagpur,2026-09-27,agent,agent_name_only; phone/email not collected,reported_active_on_source,Raw source snapshot; validate price/area before presenting as verified market value.
