listing_id,transaction_type,locality,bhk,property_type,price_inr,listing_agent,mirror_page,city,state,source,source_url,retrieved_at,contact_type,contact_permission_status,listing_status,data_quality_note,quality_flag
MIRROR-NGP-001,sale,Manish Nagar,2.0,Flats,1,Test Agent,1,Nagpur,Maharashtra,Mirror Real Estate,https://www.mirrorrealestate.com/homes/search?city=Nagpur,2026-09-27,agent,agent_name_only,reported_active_on_source,Token test listing of Rs 1; obvious price anomaly.,rejected_price_outlier
MIRROR-NGP-002,sale,Mohgaon,,Residential Plots,2250214,Ozen Realtors & Developers,1,Nagpur,Maharashtra,Mirror Real Estate,https://www.mirrorrealestate.com/homes/search?city=Nagpur,2026-09-27,agent,agent_name_only; phone/email not collected,reported_active_on_source,Raw source snapshot; validate price/area before presenting as verified market value.,usable_candidate
MIRROR-NGP-003,sale,Fetri,,Residential Plots,1650165,Mahalaxmi Infra,1,Nagpur,Maharashtra,Mirror Real Estate,https://www.mirrorrealestate.com/homes/search?city=Nagpur,2026-09-27,agent,agent_name_only; phone/email not collected,reported_active_on_source,Raw source snapshot; validate price/area before presenting as verified market value.,usable_candidate
MIRROR-NGP-004,sale,Dongargaon,,Residential Plots,3151197,Bhumesh Realators,1,Nagpur,Maharashtra,Mirror Real Estate,https://www.mirrorrealestate.com/homes/search?city=Nagpur,2026-09-27,agent,agent_name_only; phone/email not collected,reported_active_on_source,Raw source snapshot; validate price/area before presenting as verified market value.,usable_candidate
MIRROR-NGP-005,sale,Wardha Road,,Residential Plots,2,Anand Real Estate,1,Nagpur,Maharashtra,Mirror Real Estate,https://www.mirrorrealestate.com/homes/search?city=Nagpur,2026-09-27,agent,agent_name_only,reported_active_on_source,Token test listing of Rs 2; obvious price anomaly.,rejected_price_outlier
MIRROR-NGP-006,sale,Civil Lines,4.0,Flats,98000000000,Apex Realty,1,Nagpur,Maharashtra,Mirror Real Estate,https://www.mirrorrealestate.com/homes/search?city=Nagpur,2026-09-27,agent,agent_name_only,reported_active_on_source,Extreme price anomaly of Rs 9800 Crore for residential apartment.,rejected_price_outlier
MIRROR-NGP-007,rent,MIDC Hingna,,Warehouse,220000,AREA [ Agrawwal Real Estate Advisory],1,Nagpur,Maharashtra,Mirror Real Estate,https://www.mirrorrealestate.com/homes/search?city=Nagpur,2026-09-27,agent,agent_name_only; phone/email not collected,reported_active_on_source,Raw source snapshot; validate price/area before presenting as verified market value.,usable_candidate
MIRROR-NGP-008,sale,Kothrud,2.0,Flats,6500000,Pune Agent,1,Pune,Maharashtra,Mirror Real Estate,https://www.mirrorrealestate.com/homes/search?city=Nagpur,2026-09-27,agent,agent_name_only,reported_active_on_source,Outside Nagpur District geofence (Pune locality listed in search).,rejected_geographic_scope
MIRROR-NGP-009,sale,Besa Pipla Road,3.0,Flats,8835536,Anand Real Estate,1,Nagpur,Maharashtra,Mirror Real Estate,https://www.mirrorrealestate.com/homes/search?city=Nagpur,2026-09-27,agent,agent_name_only; phone/email not collected,reported_active_on_source,Raw source snapshot; validate price/area before presenting as verified market value.,usable_candidate
MIRROR-NGP-010,sale,Hingna,,Residential Plots,3101240,Evertrust Properties,1,Nagpur,Maharashtra,Mirror Real Estate,https://www.mirrorrealestate.com/homes/search?city=Nagpur,2026-09-27,agent,agent_name_only; phone/email not collected,reported_active_on_source,Raw source snapshot; validate price/area before presenting as verified market value.,usable_candidate
MIRROR-NGP-011,sale,Somalwada,3.0,Flats,0,Metro Properties,1,Nagpur,Maharashtra,Mirror Real Estate,https://www.mirrorrealestate.com/homes/search?city=Nagpur,2026-09-27,agent,agent_name_only,reported_active_on_source,Zero price listing; missing valid monetary consideration.,rejected_missing_price
MIRROR-NGP-012,sale,Dabha,,Residential Plots,5351357,Bhumesh Realators,1,Nagpur,Maharashtra,Mirror Real Estate,https://www.mirrorrealestate.com/homes/search?city=Nagpur,2026-09-27,agent,agent_name_only; phone/email not collected,reported_active_on_source,Raw source snapshot; validate price/area before presenting as verified market value.,usable_candidate
MIRROR-NGP-013,rent,Kalamna,,Warehouse,95000,Ved Agrawal,1,Nagpur,Maharashtra,Mirror Real Estate,https://www.mirrorrealestate.com/homes/search?city=Nagpur,2026-09-27,agent,agent_name_only; phone/email not collected,reported_active_on_source,Raw source snapshot; validate price/area before presenting as verified market value.,usable_candidate
MIRROR-NGP-014,rent,Ganesh Peth,,Commercial Shops,40000,Yash pise,1,Nagpur,Maharashtra,Mirror Real Estate,https://www.mirrorrealestate.com/homes/search?city=Nagpur,2026-09-27,agent,agent_name_only; phone/email not collected,reported_active_on_source,Raw source snapshot; validate price/area before presenting as verified market value.,usable_candidate
MIRROR-NGP-015,rent,Katol,,Commercial Shops,15000,Amol,1,Nagpur,Maharashtra,Mirror Real Estate,https://www.mirrorrealestate.com/homes/search?city=Nagpur,2026-09-27,agent,agent_name_only; phone/email not collected,reported_active_on_source,Raw source snapshot; validate price/area before presenting as verified market value.,usable_candidate
MIRROR-NGP-016,rent,Besa,,Commercial Shops,40000,Deepika,1,Nagpur,Maharashtra,Mirror Real Estate,https://www.mirrorrealestate.com/homes/search?city=Nagpur,2026-09-27,agent,agent_name_only; phone/email not collected,reported_active_on_source,Raw source snapshot; validate price/area before presenting as verified market value.,usable_candidate
MIRROR-NGP-017,sale,Mouda,,Agricultural Land,130000,Namaskar Property Dealer,1,Nagpur,Maharashtra,Mirror Real Estate,https://www.mirrorrealestate.com/homes/search?city=Nagpur,2026-09-27,agent,agent_name_only; phone/email not collected,reported_active_on_source,Raw source snapshot; validate price/area before presenting as verified market value.,usable_candidate
MIRROR-NGP-018,sale,Pipla,2.0,Flats,2941289,11 Square Feet,1,Nagpur,Maharashtra,Mirror Real Estate,https://www.mirrorrealestate.com/homes/search?city=Nagpur,2026-09-27,agent,agent_name_only; phone/email not collected,reported_active_on_source,Raw source snapshot; validate price/area before presenting as verified market value.,usable_candidate
MIRROR-NGP-019,sale,Dharampeth,,Residential Plots,10,Test Broker,1,Nagpur,Maharashtra,Mirror Real Estate,https://www.mirrorrealestate.com/homes/search?city=Nagpur,2026-09-27,agent,agent_name_only,reported_active_on_source,Token test listing of Rs 10; obvious price anomaly.,rejected_price_outlier
MIRROR-NGP-020,sale,Tarodi,,Residential Plots,2557233,Mahalaxmi Infra,1,Nagpur,Maharashtra,Mirror Real Estate,https://www.mirrorrealestate.com/homes/search?city=Nagpur,2026-09-27,agent,agent_name_only; phone/email not collected,reported_active_on_source,Raw source snapshot; validate price/area before presenting as verified market value.,usable_candidate
MIRROR-NGP-021,sale,Butibori,,Residential Plots,2970270,P M REALTORS,1,Nagpur,Maharashtra,Mirror Real Estate,https://www.mirrorrealestate.com/homes/search?city=Nagpur,2026-09-27,agent,agent_name_only; phone/email not collected,reported_active_on_source,Raw source snapshot; validate price/area before presenting as verified market value.,usable_candidate
MIRROR-NGP-022,sale,Panchavati,2.0,Flats,4500000,Nashik Agent,1,Nashik,Maharashtra,Mirror Real Estate,https://www.mirrorrealestate.com/homes/search?city=Nagpur,2026-09-27,agent,agent_name_only,reported_active_on_source,Outside Nagpur District geofence (Nashik record erroneously captured).,rejected_geographic_scope
MIRROR-NGP-023,sale,Ramdaspeth,3.0,Flats,50000000000,Prestige Group,1,Nagpur,Maharashtra,Mirror Real Estate,https://www.mirrorrealestate.com/homes/search?city=Nagpur,2026-09-27,agent,agent_name_only,reported_active_on_source,Extreme price anomaly of Rs 5000 Crore.,rejected_price_outlier
MIRROR-NGP-024,sale,Narkhed,,Agricultural Land,2550000,MBA Property Consultant,1,Nagpur,Maharashtra,Mirror Real Estate,https://www.mirrorrealestate.com/homes/search?city=Nagpur,2026-09-27,agent,agent_name_only; phone/email not collected,reported_active_on_source,Raw source snapshot; validate price/area before presenting as verified market value.,usable_candidate
MIRROR-NGP-025,sale,Narkhed,,Agricultural Land,2550000,MBA Property Consultant,1,Nagpur,Maharashtra,Mirror Real Estate,https://www.mirrorrealestate.com/homes/search?city=Nagpur,2026-09-27,agent,agent_name_only,reported_active_on_source,Duplicate submission identical to MIRROR-NGP-024.,rejected_duplicate
MIRROR-NGP-026,rent,MIDC Hingna,,Industrial Boiler,120000,Equipment Rental,1,Nagpur,Maharashtra,Mirror Real Estate,https://www.mirrorrealestate.com/homes/search?city=Nagpur,2026-09-27,agent,agent_name_only,reported_active_on_source,Invalid property type (machinery/equipment rental, not real estate).,rejected_invalid_property_type
MIRROR-NGP-027,sale,Khamla,,Residential Plots,100,Test Owner,1,Nagpur,Maharashtra,Mirror Real Estate,https://www.mirrorrealestate.com/homes/search?city=Nagpur,2026-09-27,agent,agent_name_only,reported_active_on_source,Token test listing of Rs 100.,rejected_price_outlier
MIRROR-NGP-028,sale,,,Apartment,4500000,Unknown,1,,Maharashtra,Mirror Real Estate,https://www.mirrorrealestate.com/homes/search?city=Nagpur,2026-09-27,agent,agent_name_only,reported_active_on_source,Missing mandatory locality and city fields.,rejected_missing_mandatory_fields
MIRROR-NGP-029,sale,Khapri,,Agricultural Land,170000,Maheshwari Real Estate,1,Nagpur,Maharashtra,Mirror Real Estate,https://www.mirrorrealestate.com/homes/search?city=Nagpur,2026-09-27,agent,agent_name_only; phone/email not collected,reported_active_on_source,Raw source snapshot; validate price/area before presenting as verified market value.,usable_candidate
MIRROR-NGP-030,sale,Parseoni,,Agricultural Land,280000,Namaskar Property Dealer,1,Nagpur,Maharashtra,Mirror Real Estate,https://www.mirrorrealestate.com/homes/search?city=Nagpur,2026-09-27,agent,agent_name_only; phone/email not collected,reported_active_on_source,Raw source snapshot; validate price/area before presenting as verified market value.,usable_candidate
MIRROR-NGP-031,rent,Dhantoli,,Commercial Shops,-50000,Invalid Entry,1,Nagpur,Maharashtra,Mirror Real Estate,https://www.mirrorrealestate.com/homes/search?city=Nagpur,2026-09-27,agent,agent_name_only,reported_active_on_source,Negative price anomaly of -50000.,rejected_invalid_price_format
MIRROR-NGP-032,sale,Jaripatka,2.0,Flats,1,QA Bot,1,Nagpur,Maharashtra,Mirror Real Estate,https://www.mirrorrealestate.com/homes/search?city=Nagpur,2026-09-27,agent,agent_name_only,reported_active_on_source,Token test listing of Rs 1 by QA Bot.,rejected_price_outlier
MIRROR-NGP-033,sale,Gumgaon,,Residential Plots,2199196,Bhumesh Realators,2,Nagpur,Maharashtra,Mirror Real Estate,https://www.mirrorrealestate.com/homes/search?city=Nagpur,2026-09-27,agent,agent_name_only; phone/email not collected,reported_active_on_source,Raw source snapshot; validate price/area before presenting as verified market value.,usable_candidate
MIRROR-NGP-034,sale,Andheri West,2.0,Flats,22000000,Mumbai Agent,2,Mumbai,Maharashtra,Mirror Real Estate,https://www.mirrorrealestate.com/homes/search?city=Nagpur,2026-09-27,agent,agent_name_only,reported_active_on_source,Outside Nagpur District geofence (Mumbai Suburb).,rejected_geographic_scope
MIRROR-NGP-035,sale,Civil Lines,5.0,Bungalow,120000000000,Unknown,2,Nagpur,Maharashtra,Mirror Real Estate,https://www.mirrorrealestate.com/homes/search?city=Nagpur,2026-09-27,agent,agent_name_only,reported_active_on_source,Extreme price anomaly of Rs 12000 Crore.,rejected_price_outlier
MIRROR-NGP-036,sale,Bothli,,Residential Plots,2565135,RUDRA PROPERTIES NAGPUR,2,Nagpur,Maharashtra,Mirror Real Estate,https://www.mirrorrealestate.com/homes/search?city=Nagpur,2026-09-27,agent,agent_name_only; phone/email not collected,reported_active_on_source,Raw source snapshot; validate price/area before presenting as verified market value.,usable_candidate
MIRROR-NGP-037,sale,Koradi Road,,Residential Plots,3211238,Mahalaxmi Group,2,Nagpur,Maharashtra,Mirror Real Estate,https://www.mirrorrealestate.com/homes/search?city=Nagpur,2026-09-27,agent,agent_name_only; phone/email not collected,reported_active_on_source,Raw source snapshot; validate price/area before presenting as verified market value.,usable_candidate
MIRROR-NGP-038,sale,Nagpur,,Flats,5000000,Sample Test,2,Nagpur,Maharashtra,Mirror Real Estate,https://www.mirrorrealestate.com/homes/search?city=Nagpur,2026-09-27,agent,agent_name_only,reported_active_on_source,Sample Test Listing Please Ignore.,rejected_test_record
MIRROR-NGP-039,sale,Sitabuldi,1.0,Flats,,Broker X,2,Nagpur,Maharashtra,Mirror Real Estate,https://www.mirrorrealestate.com/homes/search?city=Nagpur,2026-09-27,agent,agent_name_only,reported_active_on_source,Missing price field value.,rejected_missing_price
MIRROR-NGP-040,sale,Nandanvan,,Residential Plots,50,Test User,2,Nagpur,Maharashtra,Mirror Real Estate,https://www.mirrorrealestate.com/homes/search?city=Nagpur,2026-09-27,agent,agent_name_only,reported_active_on_source,Token test listing of Rs 50.,rejected_price_outlier
MIRROR-NGP-041,sale,Kondhali,,Farm House,660550,Vakratund Real Estate,2,Nagpur,Maharashtra,Mirror Real Estate,https://www.mirrorrealestate.com/homes/search?city=Nagpur,2026-09-27,agent,agent_name_only; phone/email not collected,reported_active_on_source,Raw source snapshot; validate price/area before presenting as verified market value.,usable_candidate
MIRROR-NGP-042,sale,New Manish Nagar,3.0,Flats,6575450,Anand Real Estate,2,Nagpur,Maharashtra,Mirror Real Estate,https://www.mirrorrealestate.com/homes/search?city=Nagpur,2026-09-27,agent,agent_name_only; phone/email not collected,reported_active_on_source,Raw source snapshot; validate price/area before presenting as verified market value.,usable_candidate
MIRROR-NGP-043,sale,Vashi,3.0,Flats,15000000,Navi Mumbai Agent,2,Navi Mumbai,Maharashtra,Mirror Real Estate,https://www.mirrorrealestate.com/homes/search?city=Nagpur,2026-09-27,agent,agent_name_only,reported_active_on_source,Outside Nagpur District geofence (Navi Mumbai).,rejected_geographic_scope
MIRROR-NGP-044,sale,Wanadongri, Hingna,,Residential Plots,1980165,Prosperity Associate,2,Nagpur,Maharashtra,Mirror Real Estate,https://www.mirrorrealestate.com/homes/search?city=Nagpur,2026-09-27,agent,agent_name_only; phone/email not collected,reported_active_on_source,Raw source snapshot; validate price/area before presenting as verified market value.,usable_candidate
MIRROR-NGP-045,sale,Shivaji Nagar,4.0,Flats,75000000000,Agent Ultra,2,Nagpur,Maharashtra,Mirror Real Estate,https://www.mirrorrealestate.com/homes/search?city=Nagpur,2026-09-27,agent,agent_name_only,reported_active_on_source,Extreme price anomaly of Rs 7500 Crore.,rejected_price_outlier
MIRROR-NGP-046,rent,Civil Lines,,Car Parking Slot,2000,Parking Agent,2,Nagpur,Maharashtra,Mirror Real Estate,https://www.mirrorrealestate.com/homes/search?city=Nagpur,2026-09-27,agent,agent_name_only,reported_active_on_source,Invalid property type (single vehicle parking slot).,rejected_invalid_property_type
MIRROR-NGP-047,rent,Sadar,,Office Space,60000,AREA [ Agrawwal Real Estate Advisory],2,Nagpur,Maharashtra,Mirror Real Estate,https://www.mirrorrealestate.com/homes/search?city=Nagpur,2026-09-27,agent,agent_name_only; phone/email not collected,reported_active_on_source,Raw source snapshot; validate price/area before presenting as verified market value.,usable_candidate
MIRROR-NGP-048,sale,Veda,,Residential Plots,3250271,Ozen Realtors & Developers,2,Nagpur,Maharashtra,Mirror Real Estate,https://www.mirrorrealestate.com/homes/search?city=Nagpur,2026-09-27,agent,agent_name_only; phone/email not collected,reported_active_on_source,Raw source snapshot; validate price/area before presenting as verified market value.,usable_candidate
MIRROR-NGP-049,sale,Isasani,,Residential Plots,2411200,Swastik Group,2,Nagpur,Maharashtra,Mirror Real Estate,https://www.mirrorrealestate.com/homes/search?city=Nagpur,2026-09-27,agent,agent_name_only; phone/email not collected,reported_active_on_source,Raw source snapshot; validate price/area before presenting as verified market value.,usable_candidate
MIRROR-NGP-050,sale,Malegaon,,Agricultural Land,224000,Maheshwari Real Estate,2,Nagpur,Maharashtra,Mirror Real Estate,https://www.mirrorrealestate.com/homes/search?city=Nagpur,2026-09-27,agent,agent_name_only; phone/email not collected,reported_active_on_source,Raw source snapshot; validate price/area before presenting as verified market value.,usable_candidate
MIRROR-NGP-051,rent,Sita Buldi,,Commercial Shops,80000,Shreyash Chandak,2,Nagpur,Maharashtra,Mirror Real Estate,https://www.mirrorrealestate.com/homes/search?city=Nagpur,2026-09-27,agent,agent_name_only; phone/email not collected,reported_active_on_source,Raw source snapshot; validate price/area before presenting as verified market value.,usable_candidate
MIRROR-NGP-052,rent,Wardhaman Nagar,,Office Space,60000,Shahshank Daga,2,Nagpur,Maharashtra,Mirror Real Estate,https://www.mirrorrealestate.com/homes/search?city=Nagpur,2026-09-27,agent,agent_name_only; phone/email not collected,reported_active_on_source,Raw source snapshot; validate price/area before presenting as verified market value.,usable_candidate
MIRROR-NGP-053,rent,Shivaji Nagar,,Office Space,50000,AREA [ Agrawwal Real Estate Advisory],2,Nagpur,Maharashtra,Mirror Real Estate,https://www.mirrorrealestate.com/homes/search?city=Nagpur,2026-09-27,agent,agent_name_only; phone/email not collected,reported_active_on_source,Raw source snapshot; validate price/area before presenting as verified market value.,usable_candidate
MIRROR-NGP-054,sale,Shankarpur,,Residential Plots,4659385,Shreemaan Estets,2,Nagpur,Maharashtra,Mirror Real Estate,https://www.mirrorrealestate.com/homes/search?city=Nagpur,2026-09-27,agent,agent_name_only; phone/email not collected,reported_active_on_source,Raw source snapshot; validate price/area before presenting as verified market value.,usable_candidate
MIRROR-NGP-055,sale,Umred,,Agricultural Land,35011000,Zone Realties Nagpur,2,Nagpur,Maharashtra,Mirror Real Estate,https://www.mirrorrealestate.com/homes/search?city=Nagpur,2026-09-27,agent,agent_name_only; phone/email not collected,reported_active_on_source,Raw source snapshot; validate price/area before presenting as verified market value.,usable_candidate
MIRROR-NGP-056,sale,Hingna Road,,Residential Plots,2760230,Kimy Property,2,Nagpur,Maharashtra,Mirror Real Estate,https://www.mirrorrealestate.com/homes/search?city=Nagpur,2026-09-27,agent,agent_name_only; phone/email not collected,reported_active_on_source,Raw source snapshot; validate price/area before presenting as verified market value.,usable_candidate
MIRROR-NGP-057,sale,Peotha,,Residential Plots,3647150,PRIME PROPERTIES,2,Nagpur,Maharashtra,Mirror Real Estate,https://www.mirrorrealestate.com/homes/search?city=Nagpur,2026-09-27,agent,agent_name_only; phone/email not collected,reported_active_on_source,Raw source snapshot; validate price/area before presenting as verified market value.,usable_candidate
MIRROR-NGP-058,sale,Nagpur,2.0,Flats,4000000,Placeholder,2,Nagpur,Maharashtra,Mirror Real Estate,https://www.mirrorrealestate.com/homes/search?city=Nagpur,2026-09-27,agent,agent_name_only,reported_active_on_source,Synthetic placeholder test record with invalid locality.,rejected_test_record
MIRROR-NGP-059,sale,Manewada,,Residential Plots,5,Test Seller,2,Nagpur,Maharashtra,Mirror Real Estate,https://www.mirrorrealestate.com/homes/search?city=Nagpur,2026-09-27,agent,agent_name_only,reported_active_on_source,Token test listing of Rs 5.,rejected_price_outlier
MIRROR-NGP-060,sale,Samruddhi Nagpur,,Residential Plots,3509290,Mahalaxmi Infra,2,Nagpur,Maharashtra,Mirror Real Estate,https://www.mirrorrealestate.com/homes/search?city=Nagpur,2026-09-27,agent,agent_name_only; phone/email not collected,reported_active_on_source,Raw source snapshot; validate price/area before presenting as verified market value.,usable_candidate
