listing_id,transaction_type,locality,bhk,property_type,price_inr,listing_agent,mirror_page,city,state,source,source_url,retrieved_at,contact_type,contact_permission_status,listing_status,rejection_reason,rejection_category,rejected_at
MIRROR-NGP-001,sale,Manish Nagar,2.0,Flats,1,Test Agent,1,Nagpur,Maharashtra,Mirror Real Estate,https://www.mirrorrealestate.com/homes/search?city=Nagpur,2026-09-27,agent,agent_name_only,reported_active_on_source,Token test listing of Rs 1; obvious price anomaly,price_outlier_token,2026-09-29T00:00:00.000Z
MIRROR-NGP-005,sale,Wardha Road,,Residential Plots,2,Anand Real Estate,1,Nagpur,Maharashtra,Mirror Real Estate,https://www.mirrorrealestate.com/homes/search?city=Nagpur,2026-09-27,agent,agent_name_only,reported_active_on_source,Token test listing of Rs 2; obvious price anomaly,price_outlier_token,2026-09-29T00:00:00.000Z
MIRROR-NGP-006,sale,Civil Lines,4.0,Flats,98000000000,Apex Realty,1,Nagpur,Maharashtra,Mirror Real Estate,https://www.mirrorrealestate.com/homes/search?city=Nagpur,2026-09-27,agent,agent_name_only,reported_active_on_source,Extreme price anomaly of Rs 9800 Crore for residential apartment,price_outlier_extreme,2026-09-29T00:00:00.000Z
MIRROR-NGP-008,sale,Kothrud,2.0,Flats,6500000,Pune Agent,1,Pune,Maharashtra,Mirror Real Estate,https://www.mirrorrealestate.com/homes/search?city=Nagpur,2026-09-27,agent,agent_name_only,reported_active_on_source,Outside Nagpur District geofence (Pune locality listed in search),geographic_scope_violation,2026-09-29T00:00:00.000Z
MIRROR-NGP-011,sale,Somalwada,3.0,Flats,0,Metro Properties,1,Nagpur,Maharashtra,Mirror Real Estate,https://www.mirrorrealestate.com/homes/search?city=Nagpur,2026-09-27,agent,agent_name_only,reported_active_on_source,Zero price listing; missing valid monetary consideration,missing_price,2026-09-29T00:00:00.000Z
MIRROR-NGP-019,sale,Dharampeth,,Residential Plots,10,Test Broker,1,Nagpur,Maharashtra,Mirror Real Estate,https://www.mirrorrealestate.com/homes/search?city=Nagpur,2026-09-27,agent,agent_name_only,reported_active_on_source,Token test listing of Rs 10; obvious price anomaly,price_outlier_token,2026-09-29T00:00:00.000Z
MIRROR-NGP-022,sale,Panchavati,2.0,Flats,4500000,Nashik Agent,1,Nashik,Maharashtra,Mirror Real Estate,https://www.mirrorrealestate.com/homes/search?city=Nagpur,2026-09-27,agent,agent_name_only,reported_active_on_source,Outside Nagpur District geofence (Nashik record erroneously captured),geographic_scope_violation,2026-09-29T00:00:00.000Z
MIRROR-NGP-023,sale,Ramdaspeth,3.0,Flats,50000000000,Prestige Group,1,Nagpur,Maharashtra,Mirror Real Estate,https://www.mirrorrealestate.com/homes/search?city=Nagpur,2026-09-27,agent,agent_name_only,reported_active_on_source,Extreme price anomaly of Rs 5000 Crore,price_outlier_extreme,2026-09-29T00:00:00.000Z
MIRROR-NGP-025,sale,Narkhed,,Agricultural Land,2550000,MBA Property Consultant,1,Nagpur,Maharashtra,Mirror Real Estate,https://www.mirrorrealestate.com/homes/search?city=Nagpur,2026-09-27,agent,agent_name_only,reported_active_on_source,Duplicate submission identical to MIRROR-NGP-024,duplicate_record,2026-09-29T00:00:00.000Z
MIRROR-NGP-026,rent,MIDC Hingna,,Industrial Boiler,120000,Equipment Rental,1,Nagpur,Maharashtra,Mirror Real Estate,https://www.mirrorrealestate.com/homes/search?city=Nagpur,2026-09-27,agent,agent_name_only,reported_active_on_source,Invalid property type (machinery/equipment rental not real estate),invalid_property_type,2026-09-29T00:00:00.000Z
MIRROR-NGP-027,sale,Khamla,,Residential Plots,100,Test Owner,1,Nagpur,Maharashtra,Mirror Real Estate,https://www.mirrorrealestate.com/homes/search?city=Nagpur,2026-09-27,agent,agent_name_only,reported_active_on_source,Token test listing of Rs 100,price_outlier_token,2026-09-29T00:00:00.000Z
MIRROR-NGP-028,sale,,,Apartment,4500000,Unknown,1,,Maharashtra,Mirror Real Estate,https://www.mirrorrealestate.com/homes/search?city=Nagpur,2026-09-27,agent,agent_name_only,reported_active_on_source,Missing mandatory locality and city fields,missing_mandatory_fields,2026-09-29T00:00:00.000Z
MIRROR-NGP-031,rent,Dhantoli,,Commercial Shops,-50000,Invalid Entry,1,Nagpur,Maharashtra,Mirror Real Estate,https://www.mirrorrealestate.com/homes/search?city=Nagpur,2026-09-27,agent,agent_name_only,reported_active_on_source,Negative price anomaly of -50000,invalid_price_format,2026-09-29T00:00:00.000Z
MIRROR-NGP-032,sale,Jaripatka,2.0,Flats,1,QA Bot,1,Nagpur,Maharashtra,Mirror Real Estate,https://www.mirrorrealestate.com/homes/search?city=Nagpur,2026-09-27,agent,agent_name_only,reported_active_on_source,Token test listing of Rs 1 by QA Bot,price_outlier_token,2026-09-29T00:00:00.000Z
MIRROR-NGP-034,sale,Andheri West,2.0,Flats,22000000,Mumbai Agent,2,Mumbai,Maharashtra,Mirror Real Estate,https://www.mirrorrealestate.com/homes/search?city=Nagpur,2026-09-27,agent,agent_name_only,reported_active_on_source,Outside Nagpur District geofence (Mumbai Suburb),geographic_scope_violation,2026-09-29T00:00:00.000Z
MIRROR-NGP-035,sale,Civil Lines,5.0,Bungalow,120000000000,Unknown,2,Nagpur,Maharashtra,Mirror Real Estate,https://www.mirrorrealestate.com/homes/search?city=Nagpur,2026-09-27,agent,agent_name_only,reported_active_on_source,Extreme price anomaly of Rs 12000 Crore,price_outlier_extreme,2026-09-29T00:00:00.000Z
MIRROR-NGP-038,sale,Nagpur,,Flats,5000000,Sample Test,2,Nagpur,Maharashtra,Mirror Real Estate,https://www.mirrorrealestate.com/homes/search?city=Nagpur,2026-09-27,agent,agent_name_only,reported_active_on_source,Sample Test Listing Please Ignore,test_record,2026-09-29T00:00:00.000Z
MIRROR-NGP-039,sale,Sitabuldi,1.0,Flats,,Broker X,2,Nagpur,Maharashtra,Mirror Real Estate,https://www.mirrorrealestate.com/homes/search?city=Nagpur,2026-09-27,agent,agent_name_only,reported_active_on_source,Missing price field value,missing_price,2026-09-29T00:00:00.000Z
MIRROR-NGP-040,sale,Nandanvan,,Residential Plots,50,Test User,2,Nagpur,Maharashtra,Mirror Real Estate,https://www.mirrorrealestate.com/homes/search?city=Nagpur,2026-09-27,agent,agent_name_only,reported_active_on_source,Token test listing of Rs 50,price_outlier_token,2026-09-29T00:00:00.000Z
MIRROR-NGP-043,sale,Vashi,3.0,Flats,15000000,Navi Mumbai Agent,2,Navi Mumbai,Maharashtra,Mirror Real Estate,https://www.mirrorrealestate.com/homes/search?city=Nagpur,2026-09-27,agent,agent_name_only,reported_active_on_source,Outside Nagpur District geofence (Navi Mumbai),geographic_scope_violation,2026-09-29T00:00:00.000Z
MIRROR-NGP-045,sale,Shivaji Nagar,4.0,Flats,75000000000,Agent Ultra,2,Nagpur,Maharashtra,Mirror Real Estate,https://www.mirrorrealestate.com/homes/search?city=Nagpur,2026-09-27,agent,agent_name_only,reported_active_on_source,Extreme price anomaly of Rs 7500 Crore,price_outlier_extreme,2026-09-29T00:00:00.000Z
MIRROR-NGP-046,rent,Civil Lines,,Car Parking Slot,2000,Parking Agent,2,Nagpur,Maharashtra,Mirror Real Estate,https://www.mirrorrealestate.com/homes/search?city=Nagpur,2026-09-27,agent,agent_name_only,reported_active_on_source,Invalid property type (single vehicle parking slot),invalid_property_type,2026-09-29T00:00:00.000Z
MIRROR-NGP-058,sale,Nagpur,2.0,Flats,4000000,Placeholder,2,Nagpur,Maharashtra,Mirror Real Estate,https://www.mirrorrealestate.com/homes/search?city=Nagpur,2026-09-27,agent,agent_name_only,reported_active_on_source,Synthetic placeholder test record with invalid locality,test_record,2026-09-29T00:00:00.000Z
MIRROR-NGP-059,sale,Manewada,,Residential Plots,5,Test Seller,2,Nagpur,Maharashtra,Mirror Real Estate,https://www.mirrorrealestate.com/homes/search?city=Nagpur,2026-09-27,agent,agent_name_only,reported_active_on_source,Token test listing of Rs 5,price_outlier_token,2026-09-29T00:00:00.000Z
